round,accuracy
1,85.6882857142857
2,88.27822857142858
3,89.26051428571427
4,90.05571428571429
5,90.71822857142855
6,91.47622857142856
7,91.86634285714287
8,92.3385142857143
9,92.70039999999999
10,93.00702857142858
