round,accuracy
1,90.50948571428573
2,90.55577142857142
3,95.4242857142857
4,97.13274285714286
5,97.35365714285713
6,97.57811428571429
7,97.75257142857143
8,97.83697142857143
9,97.95165714285714
10,98.02422857142858
